{
 "header":
 {
   "filename":"ljm_constants.json",
   "version":"2013.12.10.A",
   "checksum":"-1",
   "support_url":"http://labjack.com/support/modbus",
   "tags_base_url":"http://labjack.com/support/modbus"
 },

 "registers":
 [
   {"address":0, "name":"AIN#(0:254)", "type":"FLOAT32", "devices":["U3", "U6", "T7", "UE9"], "readwrite":"R", "tags":["AIN"], "streamable":true, "displayname":["Analog In #"], "description":"Returns the voltage of the specified analog input."},
   {"address":1000, "name":"DAC#(0:1)", "type":"FLOAT32", "devices":["U3", "U6", "T7", "UE9"], "readwrite":"RW", "tags":["DAC"], "displayname":["Analog Out #"], "description":"Pass a voltage for the specified analog output."},
   {"address":2000, "name":"FIO#(0:7)", "type":"UINT16", "devices":["U3", "U6", "T7", "UE9"], "readwrite":"RW", "tags":["DIO"], "altnames":["DIO#(0:7)"], "description":"Read or set the state of 1 bit of digital I/O.  Also configures the direction to input or output."},
   {"address":2008, "name":"EIO#(0:7)", "type":"UINT16", "devices":["U3", "U6", "T7", "UE9"], "readwrite":"RW", "tags":["DIO"], "altnames":["DIO#(8:15)"], "description":"Read or set the state of 1 bit of digital I/O.  Also configures the direction to input or output."},
   {"address":2016, "name":"CIO#(0:3)", "type":"UINT16", "devices":["U3", "U6", "T7", "UE9"], "readwrite":"RW", "tags":["DIO"], "altnames":["DIO#(16:19)"], "description":"Read or set the state of 1 bit of digital I/O.  Also configures the direction to input or output."},
   {"address":2020, "name":"MIO#(0:2)", "type":"UINT16", "devices":["U6", "T7", "UE9"], "readwrite":"RW", "tags":["DIO"], "altnames":["DIO#(20:22)"], "description":"Read or set the state of 1 bit of digital I/O.  Also configures the direction to input or output."},
   {"address":50000, "name":"AIN#_BIN(0:254)", "type":"UINT32", "devices":["U3", "U6", "T7", "UE9"], "readwrite":"R", "tags":["AIN"], "streamable":false, "displayname":["Analog In #"], "description":"Returns the binary representation of the specified analog input."},

   {"address":2500, "name":"FIO_STATE", "type":"UINT16", "devices":[{"device":"T7", "fwmin":1.0000}], "readwrite":"RW", "tags":["DIO"], "streamable":true, "displayname":["FIO Port State"], "description":"Read or write the state of the 8 bits of FIO in a single binary-encoded value.  Does not configure direction.  A read of an output returns the current logic level on the terminal, not necessarily the output state written.  The upper 8-bits of this value are inhibits."},
   {"address":2501, "name":"EIO_STATE", "type":"UINT16", "devices":[{"device":"T7", "fwmin":1.0000}], "readwrite":"RW", "tags":["DIO"], "streamable":true, "displayname":["EIO Port State"], "description":"Read or write the state of the 8 bits of EIO in a single binary-encoded value.  Does not configure direction.  A read of an output returns the current logic level on the terminal, not necessarily the output state written.  The upper 8-bits of this value are inhibits."},
   {"address":2502, "name":"CIO_STATE", "type":"UINT16", "devices":[{"device":"T7", "fwmin":1.0000}], "readwrite":"RW", "tags":["DIO"], "streamable":true, "displayname":["CIO Port State"], "description":"Read or write the state of the 4 bits of CIO in a single binary-encoded value.  Does not configure direction.  A read of an output returns the current logic level on the terminal, not necessarily the output state written.  The upper 8-bits of this value are inhibits."},
   {"address":2503, "name":"MIO_STATE", "type":"UINT16", "devices":[{"device":"T7", "fwmin":1.0000}], "readwrite":"RW", "tags":["DIO"], "streamable":true, "displayname":["MIO Port State"], "description":"Read or write the state of the 3 bits of MIO in a single binary-encoded value.  Does not configure direction.  A read of an output returns the current logic level on the terminal, not necessarily the output state written.  The upper 8-bits of this value are inhibits."},
   {"address":2600, "name":"FIO_DIRECTION", "type":"UINT16", "devices":[{"device":"T7", "fwmin":0.9402}], "readwrite":"RW", "tags":["DIO"], "displayname":["FIO Port Direction"], "description":"Read or write the direction of the 8 bits of FIO in a single binary-encoded value.  0=Input and 1=Output.  The upper 8-bits of this value are inhibits."},
   {"address":2601, "name":"EIO_DIRECTION", "type":"UINT16", "devices":[{"device":"T7", "fwmin":0.9402}], "readwrite":"RW", "tags":["DIO"], "displayname":["EIO Port Direction"], "description":"Read or write the direction of the 8 bits of EIO in a single binary-encoded value.  0=Input and 1=Output.  The upper 8-bits of this value are inhibits."},
   {"address":2602, "name":"CIO_DIRECTION", "type":"UINT16", "devices":[{"device":"T7", "fwmin":0.9402}], "readwrite":"RW", "tags":["DIO"], "displayname":["CIO Port Direction"], "description":"Read or write the direction of the 4 bits of CIO in a single binary-encoded value.  0=Input and 1=Output.  The upper 8-bits of this value are inhibits."},
   {"address":2603, "name":"MIO_DIRECTION", "type":"UINT16", "devices":[{"device":"T7", "fwmin":0.9402}], "readwrite":"RW", "tags":["DIO"], "displayname":["MIO Port Direction"], "description":"Read or write the direction of the 3 bits of MIO in a single binary-encoded value.  0=Input and 1=Output.  The upper 8-bits of this value are inhibits."},
   {"address":2800, "name":"DIO_STATE", "type":"UINT32", "devices":["T7"], "readwrite":"RW", "tags":["DIO"], "description":"Read or write the state of all digital I/O in a single binary-encoded value.  Does not configure direction.  A read of an output returns the current logic level on the terminal, not necessarily the output state written.  Writes only apply to bits with mask set."},
   {"address":2850, "name":"DIO_DIRECTION", "type":"UINT32", "devices":["T7"], "readwrite":"RW", "tags":["DIO"], "description":"Read or write the direction of all digital I/O in a single binary-encoded value.  0=Input and 1=Output.  Writes only apply to bits with mask set."},
   {"address":2900, "name":"DIO_INHIBIT", "type":"UINT32", "devices":["T7"], "readwrite":"RW", "tags":["DIO"], "description":"A single binary-encoded value where each bit determines whether _STATE or _DIRECTION writes affect that bit of digital I/O.  0=Default=Affected, 1=Ignored."},

   {"address":4002, "name":"STREAM_SCANRATE_HZ", "type":"FLOAT32", "devices":["T7"], "readwrite":"RW", "default":0, "tags":["STREAM"],"description":"The number of times per second that all channels in the scanlist will be read."},
   {"address":4004, "name":"STREAM_NUM_ADDRESSES", "type":"UINT32", "devices":["T7"], "readwrite":"RW", "default":0, "tags":["STREAM"],"description":"The number of entries in the scanlist"},
   {"address":4006, "name":"STREAM_SAMPLES_PER_PACKET", "type":"UINT32", "devices":["T7"], "readwrite":"RW", "default":0, "tags":["STREAM"],"description":"Specifies the number of data points to be sent in the data packet."},
   {"address":4008, "name":"STREAM_SETTLING_US", "type":"FLOAT32", "devices":["T7"], "readwrite":"RW", "default":0, "tags":["STREAM"],"description":"Time in microseconds to allow signals to settle after switching the mux. Default 10 Âµs."},
   {"address":4010, "name":"STREAM_RESOLUTION_INDEX", "type":"UINT32", "devices":["T7"], "readwrite":"RW", "default":0, "tags":["STREAM"],"description":"Index specifying the resolution of the data. High settings will have lower max speeds."},
   {"address":4012, "name":"STREAM_BUFFER_SIZE_BYTES", "type":"UINT32", "devices":[{"device":"T7", "default":0, "description":"Max size is 32768. Default size is 4096."}], "readwrite":"RW", "default":0, "tags":["STREAM"], "description":"Size of the stream data buffer in bytes. Must be a power of 2. 0 is updated to the default size upon stream starting. Changes while stream is running do not affect the currently running stream."},
   {"address":4016, "name":"STREAM_AUTO_TARGET", "type":"UINT32", "devices":["T7"], "readwrite":"RW", "default":0, "tags":["STREAM"],"description":"Controls where data will be sent."},
   {"address":4020, "name":"STREAM_NUM_SCANS", "type":"UINT32", "devices":["T7"], "readwrite":"RW", "default":0, "tags":["STREAM"],"description":"The number of scans to run before automatically stopping."},
   {"address":4100, "name":"STREAM_SCANLIST_ADDRESS#(0:127)", "type":"UINT32", "devices":["T7"], "readwrite":"RW", "default":0, "tags":["STREAM"], "description":"A list of addresses to read each scan."},
   {"address":4990, "name":"STREAM_ENABLE", "type":"UINT32", "devices":[{"device":"T7", "fwmin":0.9421}], "readwrite":"W", "tags":["STREAM"],"description":"Write 1 to start stream. Write 0 to stop stream."},

   {"address":5000, "name":"SPI_CS_DIONUM", "type":"UINT16", "devices":["T7"], "readwrite":"RW", "default":0, "tags":["SPI"], "description":"The number of the DIO line that is to used as the Chip-Select line."},
   {"address":5001, "name":"SPI_CLK_DIONUM", "type":"UINT16", "devices":["T7"], "readwrite":"RW", "default":0, "tags":["SPI"], "description":"The number of the DIO line that is to used as the Clock line."},
   {"address":5002, "name":"SPI_MISO_DIONUM", "type":"UINT16", "devices":["T7"], "readwrite":"RW", "default":0, "tags":["SPI"], "description":"The number of the DIO line that is to used as the Master In Slave Out line."},
   {"address":5003, "name":"SPI_MOSI_DIONUM", "type":"UINT16", "devices":["T7"], "readwrite":"RW", "default":0, "tags":["SPI"], "description":"The number of the DIO line that is to used as the Master Out Slave In line."},
   {"address":5004, "name":"SPI_MODE", "type":"UINT16", "devices":["T7"], "readwrite":"RW", "default":0, "tags":["SPI"], "description":"The SPI mode controls the clock idle state and which edge clocks the data."},
   {"address":5005, "name":"SPI_SPEED_THROTTLE", "type":"UINT16", "devices":["T7"], "readwrite":"RW", "default":0, "tags":["SPI"], "description":"This value controls the SPI clock frequency.  Pass 0-65535.  Default=0 corresponds to 65536 internally which results in ~1 MHz.  1 results in ~100 Hz."},
   {"address":5006, "name":"SPI_OPTIONS", "type":"UINT16", "devices":["T7"], "readwrite":"RW", "default":0, "tags":["SPI"], "description":"Bit 0 is Auto-CS-Disable."},
   {"address":5009, "name":"SPI_NUM_BYTES", "type":"UINT16", "devices":["T7"], "readwrite":"RW", "default":0, "tags":["SPI"], "description":"The number of bytes to transfer."},
   {"address":5010, "name":"SPI_DATA_WRITE", "type":"BYTE", "devices":["T7"], "readwrite":"W", "default":0, "tags":["SPI"], "description":"Write data here.  Doing so causes the communication to happen."},
   {"address":5050, "name":"SPI_DATA_READ", "type":"BYTE", "devices":["T7"], "readwrite":"R", "default":0, "tags":["SPI"], "description":"Read data here."},

   {"address":5100, "name":"I2C_SDA_DIONUM", "type":"UINT16", "devices":["T7"], "readwrite":"RW", "default":0, "tags":["I2C"], "description":"The number of the DIO line that is to used as the I2C data line."},
   {"address":5101, "name":"I2C_SCL_DIONUM", "type":"UINT16", "devices":["T7"], "readwrite":"RW", "default":0, "tags":["I2C"], "description":"The number of the DIO line that is to used as the I2C clock line."},
   {"address":5102, "name":"I2C_SPEED_THROTTLE", "type":"UINT16", "devices":["T7"], "readwrite":"RW", "default":0, "tags":["I2C"], "description":"This value controls the I2C clock frequency.  Pass 0-65535.  Default=0 corresponds to 65536 internally which results in ~450 kHz.  1 results in ~40 Hz."},
   {"address":5103, "name":"I2C_OPTIONS", "type":"UINT16", "devices":["T7"], "readwrite":"RW", "default":0, "tags":["I2C"], "description":"Advanced. Controls details of the I2C protocol to improve device compatibility."},
   {"address":5104, "name":"I2C_SLAVE_ADDRESS", "type":"UINT16", "devices":["T7"], "readwrite":"RW", "default":0, "tags":["I2C"], "description":"The address of the slave device."},
   {"address":5108, "name":"I2C_NUM_BYTES_TX", "type":"UINT16", "devices":["T7"], "readwrite":"RW", "default":0, "tags":["I2C"], "description":"The number of data bytes to transmit."},
   {"address":5109, "name":"I2C_NUM_BYTES_RX", "type":"UINT16", "devices":["T7"], "readwrite":"RW", "default":0, "tags":["I2C"], "description":"The number of data bytes to read."},
   {"address":5110, "name":"I2C_GO", "type":"UINT16", "devices":[{"device":"T7", "fwmin":0.9504}], "readwrite":"RW", "default":0, "tags":["I2C"], "description":"Writing to this register will instruct the LabJack to perform an I2C transaction."},
   {"address":5114, "name":"I2C_ACKS", "type":"UINT32", "devices":[{"device":"T7", "fwmin":0.9504}], "readwrite":"RW", "default":0, "tags":["I2C"], "description":"An array of bits used to observe ACKs from the slave device."},
   {"address":5120, "name":"I2C_WRITE_DATA", "type":"BYTE", "devices":["T7"], "readwrite":"RW", "default":0, "tags":["I2C"], "description":"Data that will be written to the I2C bus."},
   {"address":5160, "name":"I2C_READ_DATA", "type":"BYTE", "devices":["T7"], "readwrite":"RW", "default":0, "tags":["I2C"], "description":"Data that has been read from the I2C bus."},

   {"address":30000, "name":"TDAC#(0:22)", "type":"FLOAT32", "devices":["T7"], "readwrite":"W", "default":0, "tags":["TDAC"], "description":"Update a voltage output on an LJTick-DAC.  Even # = DACA, Odd # = DACB."},
   {"address":55200, "name":"TDAC_SERIAL_NUMBER", "type":"UINT32", "devices":["T7"], "readwrite":"R", "default":0, "tags":["TDAC"], "description":"Returns the serial number of an LJTick-DAC, and forces a re-read of the calibration constants. Which LJTDAC is determined by the last write to TDAC# ... whether it was successful or not."},

   {"address":30100, "name":"SBUS#(0:22)_TEMP", "type":"FLOAT32", "devices":["T7"], "readwrite":"R", "default":0, "tags":["SBUS"]},
   {"address":30150, "name":"SBUS#(0:22)_RH", "type":"FLOAT32", "devices":["T7"], "readwrite":"R", "default":0, "tags":["SBUS"]},
   {"address":30200, "name":"SBUS#(0:22)_DATA_DIONUM", "type":"UINT16", "devices":["T7"], "readwrite":"RW", "default":0, "tags":["SBUS"]},
   {"address":30225, "name":"SBUS#(0:22)_CLOCK_DIONUM", "type":"UINT16", "devices":["T7"], "readwrite":"RW", "default":0, "tags":["SBUS"]},
   {"address":30250, "name":"SBUS#(0:22)_BACKGROUND_ENABLE", "type":"UINT16", "devices":["T7"], "readwrite":"RW", "default":0, "tags":["SBUS"]},
   {"address":30275, "name":"SBUS_ALL_DATA_DIONUM", "type":"UINT16", "devices":["T7"], "readwrite":"RW", "default":0, "tags":["SBUS"]},
   {"address":30276, "name":"SBUS_ALL_CLOCK_DIONUM", "type":"UINT16", "devices":["T7"], "readwrite":"RW", "default":0, "tags":["SBUS"]},

   {"address":40000, "name":"AIN#(0:254)_RANGE", "type":"FLOAT32", "devices":[{"device":"T7", "description":"Valid values/ranges:  0.0=Default=> +/-10V, 10.0=> +/-10V, 1.0=> +/-1V, 0.1=> +/-0.1V, or 0.01=> +/-0.01V."}], "readwrite":"RW", "default":0, "tags":["AIN"], "description":"The range/span of each analog input."},
   {"address":41000, "name":"AIN#(0:254)_NEGATIVE_CH", "type":"UINT16", "devices":[{"device":"T7", "description":"For base differential channels, positive must be even channel from 0-12 and negative must be positive+1.  For extended channels 16-127, see Mux80 datasheet."}], "readwrite":"RW", "default":199, "tags":["AIN"], "description":"Specifies the negative channel to be used for each positive channel.  199=Default=> Single-Ended."},
   {"address":41500, "name":"AIN#(0:254)_RESOLUTION_INDEX", "type":"UINT16", "devices":[{"device":"T7", "description":"Valid values:  1-8 for T7, 1-12 for T7-Pro.  0=Default=> 8 (T7) or 9 (T7-Pro)."}], "readwrite":"RW", "default":0, "tags":["AIN"], "description":"The resolution index for each analog input.  A larger resolution index generally results in lower noise and longer sample times."},
   {"address":42000, "name":"AIN#(0:254)_SETTLING_US", "type":"FLOAT32", "devices":[{"device":"T7", "fwmin":0.9328, "description":"Settling time for command-response readings.  0 = Auto.  Max is 50000 (microseconds)."}], "readwrite":"RW", "default":0, "tags":["AIN"]},

   {"address":43900, "name":"AIN_ALL_RANGE", "type":"FLOAT32", "devices":[{"device":"T7", "fwmin":0.9328}], "readwrite":"W", "default":0, "tags":["AIN"], "description":"A write to this global parameter affects all AIN."},
   {"address":43902, "name":"AIN_ALL_NEGATIVE_CH", "type":"UINT16", "devices":[{"device":"T7", "fwmin":0.9328}], "readwrite":"W", "default":199, "tags":["AIN"], "description":"A write to this global parameter affects all AIN."},
   {"address":43903, "name":"AIN_ALL_RESOLUTION_INDEX", "type":"UINT16", "devices":[{"device":"T7", "fwmin":0.9328}], "readwrite":"W", "default":0, "tags":["AIN"], "description":"A write to this global parameter affects all AIN."},
   {"address":43904, "name":"AIN_ALL_SETTLING_US", "type":"FLOAT32", "devices":[{"device":"T7", "fwmin":0.9328}], "readwrite":"W", "default":0, "tags":["AIN"], "description":"A write to this global parameter affects all AIN."},
   {"address":43906, "name":"AIN_ALL_EF_TYPE", "type":"UINT32", "devices":[{"device":"T7", "fwmin":0.9328}], "readwrite":"W", "default":0, "tags":["AIN"], "description":"A write to this global parameter affects all AIN. "},

   {"address":44900, "name":"DIO_EF_CLOCK0_ENABLE", "type":"UINT16", "devices":[{"device":"T7", "fwmin":0.87}], "readwrite":"RW", "tags":["DIO_EF", "DIO"]},
   {"address":44901, "name":"DIO_EF_CLOCK0_DIVISOR", "type":"UINT16", "devices":[{"device":"T7", "fwmin":0.9320}], "readwrite":"RW", "tags":["DIO_EF", "DIO"]},
   {"address":44902, "name":"DIO_EF_CLOCK0_OPTIONS", "type":"UINT32", "devices":[{"device":"T7", "fwmin":0.87}], "readwrite":"RW", "tags":["DIO_EF", "DIO"]},
   {"address":44904, "name":"DIO_EF_CLOCK0_ROLL_VALUE", "type":"UINT32", "devices":[{"device":"T7", "fwmin":0.87}], "readwrite":"RW", "tags":["DIO_EF", "DIO"]},
   {"address":44910, "name":"DIO_EF_CLOCK1_ENABLE", "type":"UINT16", "devices":[{"device":"T7", "fwmin":0.87}], "readwrite":"RW", "tags":["DIO_EF", "DIO"]},
   {"address":44911, "name":"DIO_EF_CLOCK1_DIVISOR", "type":"UINT16", "devices":[{"device":"T7", "fwmin":0.9320}], "readwrite":"RW", "tags":["DIO_EF", "DIO"]},
   {"address":44912, "name":"DIO_EF_CLOCK1_OPTIONS", "type":"UINT32", "devices":[{"device":"T7", "fwmin":0.87}], "readwrite":"RW", "tags":["DIO_EF", "DIO"]},
   {"address":44914, "name":"DIO_EF_CLOCK1_ROLL_VALUE", "type":"UINT32", "devices":[{"device":"T7", "fwmin":0.87}], "readwrite":"RW", "tags":["DIO_EF", "DIO"]},
   {"address":44920, "name":"DIO_EF_CLOCK2_ENABLE", "type":"UINT16", "devices":[{"device":"T7", "fwmin":0.87}], "readwrite":"RW", "tags":["DIO_EF", "DIO"]},
   {"address":44921, "name":"DIO_EF_CLOCK2_DIVISOR", "type":"UINT16", "devices":[{"device":"T7", "fwmin":0.9320}], "readwrite":"RW", "tags":["DIO_EF", "DIO"]},
   {"address":44922, "name":"DIO_EF_CLOCK2_OPTIONS", "type":"UINT32", "devices":[{"device":"T7", "fwmin":0.87}], "readwrite":"RW", "tags":["DIO_EF", "DIO"]},
   {"address":44924, "name":"DIO_EF_CLOCK2_ROLL_VALUE", "type":"UINT32", "devices":[{"device":"T7", "fwmin":0.87}], "readwrite":"RW", "tags":["DIO_EF", "DIO"]},

   {"address":44908, "name":"DIO_EF_CLOCK0_COUNT", "type":"UINT32", "devices":[{"device":"T7", "fwmin":0.9430}], "readwrite":"R", "tags":["DIO_EF", "DIO"], "description":"Current tick count of this clock.  Will read between 0 and ROLL_VALUE-1."},
   {"address":44918, "name":"DIO_EF_CLOCK1_COUNT", "type":"UINT32", "devices":[{"device":"T7", "fwmin":0.9430}], "readwrite":"R", "tags":["DIO_EF", "DIO"], "description":"Current tick count of this clock.  Will read between 0 and ROLL_VALUE-1."},
   {"address":44928, "name":"DIO_EF_CLOCK2_COUNT", "type":"UINT32", "devices":[{"device":"T7", "fwmin":0.9430}], "readwrite":"R", "tags":["DIO_EF", "DIO"], "description":"Current tick count of this clock.  Will read between 0 and ROLL_VALUE-1."},

   {"address":44000, "name":"DIO#(0:22)_EF_ENABLE", "type":"UINT32", "devices":[{"device":"T7", "fwmin":0.88}], "readwrite":"RW", "tags":["DIO_EF", "DIO"]},
   {"address":44100, "name":"DIO#(0:22)_EF_TYPE", "type":"UINT32", "devices":[{"device":"T7", "fwmin":0.88}], "readwrite":"RW", "tags":["DIO_EF", "DIO"]},
   {"address":44200, "name":"DIO#(0:22)_EF_OPTIONS", "type":"UINT32", "devices":[{"device":"T7", "fwmin":0.88}], "readwrite":"RW", "tags":["DIO_EF", "DIO"]},
   {"address":44300, "name":"DIO#(0:22)_EF_VALUE_A", "type":"UINT32", "devices":[{"device":"T7", "fwmin":0.88}], "readwrite":"RW", "tags":["DIO_EF", "DIO"]},
   {"address":44400, "name":"DIO#(0:22)_EF_VALUE_B", "type":"UINT32", "devices":[{"device":"T7", "fwmin":0.88}], "readwrite":"RW", "tags":["DIO_EF", "DIO"]},
   {"address":44500, "name":"DIO#(0:22)_EF_VALUE_C", "type":"UINT32", "devices":[{"device":"T7", "fwmin":0.88}], "readwrite":"RW", "tags":["DIO_EF", "DIO"]},
   {"address":44600, "name":"DIO#(0:22)_EF_VALUE_D", "type":"UINT32", "devices":[{"device":"T7", "fwmin":0.88}], "readwrite":"RW", "tags":["DIO_EF", "DIO"]},
   {"address":3000, "name":"DIO#(0:22)_EF_READ_A", "type":"UINT32", "devices":["T7"], "readwrite":"R", "tags":["DIO_EF", "DIO"]},
   {"address":3100, "name":"DIO#(0:22)_EF_READ_A_AND_RESET", "type":"UINT32", "devices":["T7"], "readwrite":"R", "tags":["DIO_EF", "DIO"]},
   {"address":3200, "name":"DIO#(0:22)_EF_READ_B", "type":"UINT32", "devices":["T7"], "readwrite":"R", "tags":["DIO_EF", "DIO"]},
   {"address":3500, "name":"DIO#(0:22)_EF_READ_A_F", "type":"FLOAT32", "devices":["T7"], "readwrite":"R", "tags":["DIO_EF", "DIO"]},
   {"address":3600, "name":"DIO#(0:22)_EF_READ_A_F_AND_RESET", "type":"FLOAT32", "devices":["T7"], "readwrite":"R", "tags":["DIO_EF", "DIO"]},
   {"address":3700, "name":"DIO#(0:22)_EF_READ_B_F", "type":"FLOAT32", "devices":["T7"], "readwrite":"R", "tags":["DIO_EF", "DIO"]},

   {"address":48003, "name":"POWER_ETHERNET", "type":"UINT16", "devices":[{"device":"T7", "fwmin":0.86}], "readwrite":"RW", "tags":["CONFIG", "ETHERNET"], "description":"The current ON/OFF state of the Ethernet module. Provided to optionally reduce power consumption."},
   {"address":48004, "name":"POWER_WIFI", "type":"UINT16", "devices":[{"device":"T7", "fwmin":0.86}], "readwrite":"RW", "tags":["CONFIG", "WIFI"], "description":"The current ON/OFF state of the WiFi module. Provided to optionally reduce power consumption."},
   {"address":48005, "name":"POWER_AIN", "type":"UINT16", "devices":[{"device":"T7", "fwmin":0.86}], "readwrite":"RW", "tags":["CONFIG", "AIN"], "description":"The current ON/OFF state of the analog input module. Provided to optionally reduce power consumption."},
   {"address":48006, "name":"POWER_LED", "type":"UINT16", "devices":[{"device":"T7", "fwmin":0.86}], "readwrite":"RW", "tags":["CONFIG", "WIFI"], "description":"The current ON/OFF state of the LEDs. Provided to optionally reduce power consumption."},
   {"address":48053, "name":"POWER_ETHERNET_DEFAULT", "type":"UINT16", "devices":[{"device":"T7", "fwmin":0.86}], "readwrite":"RW", "tags":["CONFIG", "ETHERNET"], "description":"The ON/OFF state of the Ethernet module after a power-cycle to the device."},
   {"address":48054, "name":"POWER_WIFI_DEFAULT", "type":"UINT16", "devices":[{"device":"T7", "fwmin":0.86}], "readwrite":"RW", "tags":["CONFIG", "WIFI"], "description":"The ON/OFF state of the WiFi module after a power-cycle to the device."},
   {"address":48055, "name":"POWER_AIN_DEFAULT", "type":"UINT16", "devices":[{"device":"T7", "fwmin":0.86}], "readwrite":"RW", "tags":["CONFIG", "AIN"], "description":"The ON/OFF state of the analog input module after a power-cycle to the device."},
   {"address":48056, "name":"POWER_LED_DEFAULT", "type":"UINT16", "devices":[{"device":"T7", "fwmin":0.86}], "readwrite":"RW", "tags":["CONFIG", "WIFI"], "description":"The ON/OFF state of the LEDs after a power-cycle to the device."},

   {"address":49000, "name":"IO_CONFIG_CHECK_FOR_FACTORY", "type":"UINT32", "devices":["T7"], "readwrite":"R", "tags":["CONFIG"]},
   {"address":49002, "name":"IO_CONFIG_SET_DEFAULT_TO_CURRENT", "type":"UINT32", "devices":["T7"], "readwrite":"W", "tags":["CONFIG"]},
   {"address":49004, "name":"IO_CONFIG_SET_DEFAULT_TO_FACTORY", "type":"UINT32", "devices":["T7"], "readwrite":"W", "tags":["CONFIG"]},
   {"address":49006, "name":"IO_CONFIG_FACTORY_pREAD", "type":"UINT32", "devices":["T7"], "readwrite":"RW", "tags":["CONFIG"]},
   {"address":49008, "name":"IO_CONFIG_FACTORY_READ", "type":"UINT32", "devices":["T7"], "readwrite":"R", "tags":["CONFIG"]},
   {"address":49010, "name":"IO_CONFIG_DEFAULT_pREAD", "type":"UINT32", "devices":["T7"], "readwrite":"RW", "tags":["CONFIG"]},
   {"address":49012, "name":"IO_CONFIG_DEFAULT_READ", "type":"UINT32", "devices":["T7"], "readwrite":"R", "tags":["CONFIG"]},
   {"address":49014, "name":"IO_CONFIG_CURRENT_pREAD", "type":"UINT32", "devices":["T7"], "readwrite":"RW", "tags":["CONFIG"]},
   {"address":49016, "name":"IO_CONFIG_CURRENT_READ", "type":"UINT32", "devices":["T7"], "readwrite":"R", "tags":["CONFIG"]},
   {"address":61990, "name":"IO_CONFIG_SET_CURRENT_TO_FACTORY", "type":"UINT16", "devices":["T7"], "readwrite":"W", "tags":["CONFIG"]},
   {"address":61991, "name":"IO_CONFIG_SET_CURRENT_TO_DEFAULT", "type":"UINT16", "devices":["T7"], "readwrite":"W", "tags":["CONFIG"]},

   {"address":49100, "name":"ETHERNET_IP", "type":"UINT32", "devices":["T7"], "readwrite":"R", "tags":["ETHERNET"], "description":"Read the current IP address of wired Ethernet."},
   {"address":49102, "name":"ETHERNET_SUBNET", "type":"UINT32", "devices":["T7"], "readwrite":"R", "tags":["ETHERNET"], "description":"Read the current subnet of wired Ethernet."},
   {"address":49104, "name":"ETHERNET_GATEWAY", "type":"UINT32", "devices":["T7"], "readwrite":"R", "tags":["ETHERNET"], "description":"Read the current gateway of wired Ethernet."},
   {"address":49106, "name":"ETHERNET_DNS", "type":"UINT32", "devices":["T7"], "readwrite":"R", "tags":["ETHERNET"], "description":"Read the current DNS of wired Ethernet."},
   {"address":49108, "name":"ETHERNET_ALTDNS", "type":"UINT32", "devices":["T7"], "readwrite":"R", "tags":["ETHERNET"], "description":"Read the current Alt DNS of wired Ethernet."},
   {"address":49110, "name":"ETHERNET_DHCP_ENABLE", "type":"UINT16", "devices":["T7"], "readwrite":"R", "tags":["ETHERNET"], "description":"Read the current Enabled/Disabled state of Ethernet DHCP."},

   {"address":49150, "name":"ETHERNET_IP_DEFAULT", "type":"UINT32", "devices":["T7"], "readwrite":"RW", "tags":["ETHERNET"], "description":"The IP address of wired Ethernet after a power-cycle to the device."},
   {"address":49152, "name":"ETHERNET_SUBNET_DEFAULT", "type":"UINT32", "devices":["T7"], "readwrite":"RW", "tags":["ETHERNET"], "description":"The subnet of wired Ethernet after a power-cycle to the device."},
   {"address":49154, "name":"ETHERNET_GATEWAY_DEFAULT", "type":"UINT32", "devices":["T7"], "readwrite":"RW", "tags":["ETHERNET"], "description":"The gateway of wired Ethernet after a power-cycle to the device."},
   {"address":49156, "name":"ETHERNET_DNS_DEFAULT", "type":"UINT32", "devices":["T7"], "readwrite":"RW", "tags":["ETHERNET"], "description":"The DNS of wired Ethernet after a power-cycle to the device."},
   {"address":49158, "name":"ETHERNET_ALTDNS_DEFAULT", "type":"UINT32", "devices":["T7"], "readwrite":"RW", "tags":["ETHERNET"], "description":"The Alt DNS of wired Ethernet after a power-cycle to the device."},
   {"address":49160, "name":"ETHERNET_DHCP_ENABLE_DEFAULT", "type":"UINT16", "devices":["T7"], "readwrite":"RW", "tags":["ETHERNET"], "description":"The Enabled/Disabled state of Ethernet DHCP after a power-cycle to the device."},

   {"address":49200, "name":"WIFI_IP", "type":"UINT32", "devices":["T7"], "readwrite":"R", "tags":["WIFI"], "description":"Read the current IP address of WiFi."},
   {"address":49202, "name":"WIFI_SUBNET", "type":"UINT32", "devices":["T7"], "readwrite":"R", "tags":["WIFI"], "description":"Read the current subnet of WiFi."},
   {"address":49204, "name":"WIFI_GATEWAY", "type":"UINT32", "devices":["T7"], "readwrite":"R", "tags":["WIFI"], "description":"Read the current gateway of WiFi."},
   {"address":49210, "name":"WIFI_DHCP_ENABLE", "type":"UINT16", "devices":[{"device":"T7", "fwmin":0.9014}], "readwrite":"R", "tags":["WIFI"], "description":"Read the current Enabled/Disabled state of WiFi DHCP."},
   {"address":49300, "name":"WIFI_SSID", "type":"STRING", "devices":["T7"], "readwrite":"R", "tags":["WIFI"], "description":"Read the current SSID (network name) of WiFi"},

   {"address":49250, "name":"WIFI_IP_DEFAULT", "type":"UINT32", "devices":["T7"], "readwrite":"RW", "tags":["WIFI"], "description":"The new IP address of WiFi. Use WIFI_APPLY_SETTINGS."},
   {"address":49252, "name":"WIFI_SUBNET_DEFAULT", "type":"UINT32", "devices":["T7"], "readwrite":"RW", "tags":["WIFI"], "description":"The new subnet of WiFi.  Use WIFI_APPLY_SETTINGS."},
   {"address":49254, "name":"WIFI_GATEWAY_DEFAULT", "type":"UINT32", "devices":["T7"], "readwrite":"RW", "tags":["WIFI"], "description":"The new gateway of WiFi. Use WIFI_APPLY_SETTINGS."},
   {"address":49260, "name":"WIFI_DHCP_ENABLE_DEFAULT", "type":"UINT16", "devices":[{"device":"T7", "fwmin":0.9014}], "readwrite":"RW", "tags":["WIFI"], "description":"The new Enabled/Disabled state of WiFi DHCP. Use WIFI_APPLY_SETTINGS"},
   {"address":49325, "name":"WIFI_SSID_DEFAULT", "type":"STRING", "devices":["T7"], "readwrite":"RW", "tags":["WIFI"], "description":"The new SSID (network name) of WiFi. Use WIFI_APPLY_SETTINGS."},
   {"address":49350, "name":"WIFI_PASSWORD_DEFAULT", "type":"STRING", "devices":["T7"], "readwrite":"W", "tags":["WIFI"], "description":"Write the password for the WiFi network, then use WIFI_APPLY_SETTINGS."},
   {"address":49400, "name":"WIFI_APPLY_SETTINGS", "type":"UINT32", "devices":["T7"], "readwrite":"W", "tags":["WIFI"], "description":"Apply all new WiFi settings: IP, Subnet, Gateway, DHCP, SSID, Password. 1=Apply"},

   {"address":49402, "name":"WIFI_FIRMWARE_UPDATE_TO_VERSIONX", "type":"FLOAT32", "devices":[{"device":"T7", "fwmin":0.9206}], "readwrite":"W", "tags":["WIFI"], "description":"Start an update by using USB or Ethernet to write the desired version to update to."},
   {"address":49450, "name":"WIFI_STATUS", "type":"UINT32", "devices":[{"device":"T7", "fwmin":0.75}], "readwrite":"R", "tags":["WIFI"], "description":"Status Codes: 2900 Associated, 2901 Associating, 2902 Association Failed, 2903 Unpowered, 2904 Booting, 2905 Start Failed, 2906 Applying Settings, 2907 DHCP Started, 2909 Other."},
   {"address":49452, "name":"WIFI_RSSI", "type":"FLOAT32", "devices":[{"device":"T7", "fwmin":0.80}], "readwrite":"R", "tags":["WIFI"], "description":"WiFi RSSI (signal strength).  Typical values are -40 for very good, and -75 for very weak.  The T7 microcontroller only gets a new RSSI value from the WiFi module when WiFi communication occurs."},
   {"address":49454, "name":"WIFI_FIRMWARE_UPDATE_STATUS", "type":"UINT32", "devices":[{"device":"T7", "fwmin":0.9206}], "readwrite":"R", "tags":["WIFI"], "description":"Status Codes: 2920 Configuring, 2921 In Progress, 2923 Rebooting, 2924 Update Success, 2925 Update Failed."},

   {"address":55100, "name":"TEST", "type":"UINT32", "devices":["T7"], "readwrite":"R", "default":1122867, "tags":["CONFIG"], "description":"A read of this test register should always return 0x00112233 or d1122867."},
   {"address":55110, "name":"TEST_UINT16", "type":"UINT16", "devices":["T7"], "readwrite":"RW", "tags":["CONFIG"], "description":"Write a value and read back to test UINT16 operation."},
   {"address":55120, "name":"TEST_UINT32", "type":"UINT32", "devices":["T7"], "readwrite":"RW", "tags":["CONFIG"], "description":"Write a value and read back to test UINT32 operation."},
   {"address":55122, "name":"TEST_INT32", "type":"INT32", "devices":["T7"], "readwrite":"RW", "tags":["CONFIG"], "description":"Write a value and read back to test INT32 operation."},
   {"address":55124, "name":"TEST_FLOAT32", "type":"FLOAT32", "devices":["T7"], "readwrite":"RW", "tags":["CONFIG"], "description":"Write a value and read back to test FLOAT32 operation."},

   {"address":60000, "name":"PRODUCT_ID", "type":"FLOAT32", "devices":["U3", "U6", "T7", "UE9", "DIGIT"], "readwrite":"R", "tags":["CONFIG"], "description":"The numeric identifier of the device.  Such as 3 for a U3-HV."},
   {"address":60002, "name":"HARDWARE_VERSION", "type":"FLOAT32", "devices":["U3", "U6", "T7", "UE9", "DIGIT"], "readwrite":"R", "tags":["CONFIG"], "description":"The hardware version of the device."},
   {"address":60004, "name":"FIRMWARE_VERSION", "type":"FLOAT32", "devices":["U3", "U6", "T7", "UE9", "DIGIT"], "readwrite":"R", "tags":["CONFIG"], "description":"The current firmware version installed on the main processor."},
   {"address":60006, "name":"BOOTLOADER_VERSION", "type":"FLOAT32", "devices":["U3", "U6", "T7", "UE9", "DIGIT"], "readwrite":"R", "tags":["CONFIG"], "description":"The bootloader version installed on the main processor."},
   {"address":60008, "name":"WIFI_VERSION", "type":"FLOAT32", "devices":["T7"], "readwrite":"R", "tags":["CONFIG"], "description":"The current firmware version of the WiFi module, if available."},
   {"address":60010, "name":"HARDWARE_INSTALLED", "type":"UINT32", "devices":["T7"], "readwrite":"R", "default":0, "tags":["CONFIG"], "description":"Bitmask indicating installed hardware options. 0 = High-Res ADC, 1 = WiFi."},
   {"address":60020, "name":"ETHERNET_MAC", "type":"UINT64", "devices":["T7", "UE9"], "readwrite":"R", "tags":["ETHERNET"], "description":"The MAC address of the wired Ethernet module."},
   {"address":60024, "name":"WIFI_MAC", "type":"UINT64", "devices":["T7"], "readwrite":"R", "tags":["WIFI"], "description":"The MAC address of the WiFi module."},
   {"address":60028, "name":"SERIAL_NUMBER", "type":"UINT32", "devices":["U3", "U6", "T7", "UE9", "DIGIT"], "readwrite":"R", "tags":["CONFIG"], "description":"The serial number of the device."},
   {"address":60500, "name":"DEVICE_NAME_DEFAULT", "type":"STRING", "devices":["U3", "U6", "T7", "UE9", "DIGIT"], "readwrite":"RW", "tags":["CONFIG"], "description":"The current device name. Up to 49 characters, cannot contain periods."},
   {"address":61520, "name":"CORE_TIMER", "type":"UINT32", "devices":[{"device":"T7", "fwmin":0.9419}], "readwrite":"R", "tags":["CONFIG"], "description":"Internal 32-bit system timer running at 1/2 core speed, thus normally 80M/2 => 40 MHz."},
   {"address":61998, "name":"SYSTEM_REBOOT", "type":"UINT32", "devices":[{"device":"T7", "fwmin":0.9419}], "readwrite":"W", "tags":["CONFIG"], "description":"Issues a device reboot. Must write 0x4C4Axxxx, where xxxx is number of 50ms ticks to wait before reboot."},
   {"address":1900, "name":"CURRENT_SOURCE_10UA_CAL_VALUE", "type":"FLOAT32", "devices":["T7"], "readwrite":"R", "tags":["CONFIG"]},
   {"address":1902, "name":"CURRENT_SOURCE_200UA_CAL_VALUE", "type":"FLOAT32", "devices":["T7"], "readwrite":"R", "tags":["CONFIG"]},

   {"address":61600, "name":"WATCHDOG_ENABLE_DEFAULT", "type":"UINT32", "devices":[{"device":"T7", "fwmin":1.0016}], "readwrite":"RW", "tags":["WATCHDOG"], "description":"The current Enabled/Disabled state of the Watchdog system."},
   {"address":61602, "name":"WATCHDOG_ADVANCED_DEFAULT", "type":"UINT32", "devices":[{"device":"T7", "fwmin":1.0016}], "readwrite":"RW", "tags":["WATCHDOG"], "description":"A single binary-encoded value where each bit is an option. See section in datasheet."},
   {"address":61604, "name":"WATCHDOG_TIMEOUT_S_DEFAULT", "type":"UINT32", "devices":[{"device":"T7", "fwmin":1.0016}], "readwrite":"RW", "tags":["WATCHDOG"], "description":"The number of seconds before timeout. On timeout, watchdog executes all operations defined in the options register. A clear event will reset the timeout."},
   {"address":61606, "name":"WATCHDOG_STARTUP_DELAY_S_DEFAULT", "type":"UINT32", "devices":[{"device":"T7", "fwmin":1.0016}], "readwrite":"RW", "tags":["WATCHDOG"], "description":"Specify a startup delay after Watchdog timeout."},
   {"address":61610, "name":"WATCHDOG_STRICT_ENABLE_DEFAULT", "type":"UINT32", "devices":[{"device":"T7", "fwmin":1.0016}], "readwrite":"RW", "tags":["WATCHDOG"], "description":"Set to 1 to enabled strict mode."},
   {"address":61612, "name":"WATCHDOG_STRICT_KEY_DEFAULT", "type":"UINT32", "devices":[{"device":"T7", "fwmin":1.0016}], "readwrite":"RW", "tags":["WATCHDOG"], "description":"When set to strict mode this is the value that must be written to the clear register."},
   {"address":61614, "name":"WATCHDOG_STRICT_CLEAR", "type":"UINT32", "devices":[{"device":"T7", "fwmin":1.0016}], "readwrite":"W", "tags":["WATCHDOG"], "description":"When running in strict mode writing the key to this register is the only way to clear the watchdog."},
   {"address":61620, "name":"WATCHDOG_RESET_ENABLE_DEFAULT", "type":"UINT32", "devices":[{"device":"T7", "fwmin":1.0016}], "readwrite":"RW", "tags":["WATCHDOG"], "description":"Set to 1 to reset when the watchdog times out."},
   {"address":61630, "name":"WATCHDOG_DIO_ENABLE_DEFAULT", "type":"UINT32", "devices":[{"device":"T7", "fwmin":1.0016}], "readwrite":"RW", "tags":["WATCHDOG"], "description":"Set to 1 to change DIO direction and state when the watchdog times out."},
   {"address":61632, "name":"WATCHDOG_DIO_STATE_DEFAULT", "type":"UINT32", "devices":[{"device":"T7", "fwmin":1.0016}], "readwrite":"RW", "tags":["WATCHDOG"], "description":"The state high/low of the digital I/O after a Watchdog timeout. See DIO_STATE"},
   {"address":61634, "name":"WATCHDOG_DIO_DIRECTION_DEFAULT", "type":"UINT32", "devices":[{"device":"T7", "fwmin":1.0016}], "readwrite":"RW", "tags":["WATCHDOG"], "description":"The direction input/output of the digital I/O after a Watchdog timeout. See DIO_DIRECTION"},
   {"address":61636, "name":"WATCHDOG_DIO_INHIBIT_DEFAULT", "type":"UINT32", "devices":[{"device":"T7", "fwmin":1.0016}], "readwrite":"RW", "tags":["WATCHDOG"], "description":"The inhibit mask of the digital I/O after a Watchdog timeout. See DIO_INHIBIT"},
   {"address":61640, "name":"WATCHDOG_DAC0_ENABLE_DEFAULT", "type":"UINT32", "devices":[{"device":"T7", "fwmin":1.0016}], "readwrite":"RW", "tags":["WATCHDOG"], "description":"Set to 1 to reset when the watchdog times out."},
   {"address":61642, "name":"WATCHDOG_DAC0_DEFAULT", "type":"FLOAT32", "devices":[{"device":"T7", "fwmin":1.0016}], "readwrite":"RW", "tags":["WATCHDOG"], "description":"The voltage of DAC0 after a Watchdog timeout."},
   {"address":61650, "name":"WATCHDOG_DAC1_ENABLE_DEFAULT", "type":"UINT32", "devices":[{"device":"T7", "fwmin":1.0016}], "readwrite":"RW", "tags":["WATCHDOG"], "description":"Set to 1 to reset when the watchdog times out."},
   {"address":61652, "name":"WATCHDOG_DAC1_DEFAULT", "type":"FLOAT32", "devices":[{"device":"T7", "fwmin":1.0016}], "readwrite":"RW", "tags":["WATCHDOG"], "description":"The voltage of DAC1 after a Watchdog timeout."},

   {"address":61800, "name":"EXTERNAL_FLASH_KEY", "type":"UINT32", "devices":["T7"], "readwrite":"RW", "tags":["EXFLASH"], "description":"Sets the region of external flash to which access is allowed."},
   {"address":61810, "name":"EXTERNAL_FLASH_READ_POINTER", "type":"UINT32", "devices":["T7"], "readwrite":"RW", "tags":["EXFLASH"], "description":"The address in external flash that reads will start from."},
   {"address":61812, "name":"EXTERNAL_FLASH_READ", "type":"UINT32", "devices":["T7"], "readwrite":"R", "tags":["EXFLASH"], "description":"Data read from external flash."},
   {"address":61820, "name":"EXTERNAL_FLASH_ERASE", "type":"UINT32", "devices":["T7"], "readwrite":"W", "tags":["EXFLASH"], "description":"Erases a 4k section of flash starting at the specified address."},
   {"address":61830, "name":"EXTERNAL_FLASH_WRITE_POINTER", "type":"UINT32", "devices":["T7"], "readwrite":"RW", "tags":["EXFLASH"], "description":"Address in flash where writes will begin."},
   {"address":61832, "name":"EXTERNAL_FLASH_WRITE", "type":"UINT32", "devices":["T7"], "readwrite":"W", "tags":["EXFLASH"], "description":"Data written here will be written to external flash."},

   {"address":22000, "name":"DGT_TEMPERATURE_LATEST_RAW", "type":"UINT16", "devices":["DIGIT"], "readwrite":"R", "tags":[""], "description":"Get the latest temperature conversion, and begin a new conversion. Units are described in TMP112 datasheet."},
   {"address":22001, "name":"DGT_HUMIDITY_RAW", "type":"UINT16", "devices":["DIGIT"], "readwrite":"R", "tags":[""], "description":"Craw. Get a new humidity reading from HCH-1000. Units are in 100s fF of capacitance."},
   {"address":22002, "name":"DGT_LIGHT_RAW", "type":"UINT16", "devices":["DIGIT"], "readwrite":"R", "tags":[""], "description":"Counts. Get a new light reading from LED. Units are in counts before reverse leakage complete."},
   {"address":22020, "name":"DGT_LOG_TEMPERATURE", "type":"UINT16", "devices":["DIGIT"], "readwrite":"RW", "tags":[""], "description":"Store temperature readings to memory at the log interval. 1=Enabled, 0=Disabled"},
   {"address":22021, "name":"DGT_LOG_LIGHT", "type":"UINT16", "devices":["DIGIT"], "readwrite":"RW", "tags":[""], "description":"Store light readings to memory at the log interval. Requires temperature also logged. 1=Enabled, 0=Disabled"},
   {"address":22022, "name":"DGT_LOG_HUMIDITY", "type":"UINT16", "devices":["DIGIT"], "readwrite":"RW", "tags":[""], "description":"Store humidity readings to memory at the log interval. Requires temperature also logged. 1=Enabled, 0=Disabled"},
   {"address":22040, "name":"DGT_INDEX_LOG_INTERVAL", "type":"UINT16", "devices":["DIGIT"], "readwrite":"RW", "tags":[""], "description":"The index of the time interval between log events. 0=10s, 1=30s, 2=1m, 3=10m, 4=30m, 5=1h, 6=6h"},
   {"address":22042, "name":"DGT_LOG_START_TIME", "type":"UINT16", "devices":["DIGIT"], "readwrite":"R", "tags":[""], "description":"The start time of the logging session: 22042 Year=0 to 99, 22043 Month=1 to 12, 22044 Day=1 to 31, 22045 Weekday=1 to 7, 22046 Hour=0 to 23, 22047 Minutes=0 to 59, 22048 Second=0 to 59"},
   {"address":22049, "name":"DGT_nALARM_FLAGS", "type":"UINT16", "devices":["DIGIT"], "readwrite":"RW", "tags":[""], "description":"A bitmask of all alarm and error flags. 0=Occured, 1=Did NOT occur. Refer to documentation for more information"},
   {"address":22053, "name":"DGT_nTRIG_HIGH_ALARM", "type":"UINT16", "devices":["DIGIT"], "readwrite":"RW", "tags":[""], "description":"User high threshold alarm triggered. 0=Occured, 1=Did NOT occur"},
   {"address":22054, "name":"DGT_nTRIG_LOW_ALARM", "type":"UINT16", "devices":["DIGIT"], "readwrite":"RW", "tags":[""], "description":"User low threshold alarm triggered. 0=Occured, 1=Did NOT occur"},
   {"address":22055, "name":"DGT_nALARM_ARMED", "type":"UINT16", "devices":["DIGIT"], "readwrite":"RW", "tags":[""], "description":"User alarms armed flag. 0=Armed, 1=Not yet armed"},
   {"address":22056, "name":"DGT_nLOW_BATT", "type":"UINT16", "devices":["DIGIT"], "readwrite":"RW", "tags":[""], "description":"Low battery system warning flag. 0=Occured, 1=Did NOT occur. Low battery (<2.73V) can happen at very low temperatures, even if the battery is new, which is why this is only a warning."},
   {"address":22080, "name":"DGT_INDEX_ALARM_ITEM", "type":"UINT16", "devices":["DIGIT"], "readwrite":"RW", "tags":[""], "description":"Index of the user alarm item. 0=None, 1=Temperature, 2=Light, 3=Humidity. Valid results require that the corresponding item is being logged."},
   {"address":22081, "name":"DGT_INDEX_ALARM_ARM_CONDITION", "type":"UINT16", "devices":["DIGIT"], "readwrite":"RW", "tags":[""], "description":"Index of the alarm arming condition. 0=Arm once within threshold window, 1=Arm after pure time delay"},
   {"address":22082, "name":"DGT_HIGH_ALARM_ENABLE", "type":"UINT16", "devices":["DIGIT"], "readwrite":"RW", "tags":[""], "description":"User high threshold alarm enable. 0=Disabled, 1=Enabled"},
   {"address":22083, "name":"DGT_LOW_ALARM_ENABLE", "type":"UINT16", "devices":["DIGIT"], "readwrite":"RW", "tags":[""], "description":"User low threshold alarm enable. 0=Disabled, 1=Enabled"},
   {"address":22084, "name":"DGT_ALARM_ARM_COUNTER", "type":"UINT16", "devices":["DIGIT"], "readwrite":"RW", "tags":[""], "description":"User threshold alarm arming delay counter. The number of consecutive readings (inside window) before arming the alarm-> 0 to 63"},
   {"address":22085, "name":"DGT_ALARM_TRIG_COUNTER", "type":"UINT16", "devices":["DIGIT"], "readwrite":"RW", "tags":[""], "description":"User threshold alarm trigger delay counter. The number of consecutive readings outside window before triggering the alarm-> 0 to 31"},
   {"address":22100, "name":"DGT_HIGH_ALARM_THRESHOLD", "type":"UINT16", "devices":["DIGIT"], "readwrite":"RW", "tags":[""], "description":"User alarm high threshold value. Value depends on which item is being alarmed on(T, L, or H)."},
   {"address":22101, "name":"DGT_LOW_ALARM_THRESHOLD", "type":"UINT16", "devices":["DIGIT"], "readwrite":"RW", "tags":[""], "description":"User alarm low threshold value. Value depends on which item is being alarmed on(T, L, or H)."},
   {"address":22180, "name":"DGT_pHIGH_THRESH_LIGHT", "type":"UINT16", "devices":["DIGIT"], "readwrite":"RW", "tags":[""], "description":"High light threshold pointer(because light alarms require an array of count values)-> 0 to 255. Auto-incremented"},
   {"address":22181, "name":"DGT_HIGH_THRESH_LIGHT", "type":"UINT16", "devices":["DIGIT"], "readwrite":"RW", "tags":[""], "description":"High light threshold array start."},
   {"address":22190, "name":"DGT_pLOW_THRESH_LIGHT", "type":"UINT16", "devices":["DIGIT"], "readwrite":"RW", "tags":[""], "description":"Low light threshold pointer(because light alarms require an array of count values)-> 0 to 255. Auto-incremented"},
   {"address":22191, "name":"DGT_LOW_THRESH_LIGHT", "type":"UINT16", "devices":["DIGIT"], "readwrite":"RW", "tags":[""], "description":"Low light threshold array start."},
   {"address":22200, "name":"DGT_INSTALLED_OPTIONS", "type":"UINT16", "devices":["DIGIT"], "readwrite":"R", "tags":[""], "description":"Number of things installed on the Digit 2=TL, 3=TLH"},
   {"address":22210, "name":"DGT_STORED_BYTES", "type":"UINT32", "devices":["DIGIT"], "readwrite":"R", "tags":[""], "description":"Number of bytes of data stored on external flash."},
   {"address":22220, "name":"DGT_LIFETIME_READINGS", "type":"UINT32", "devices":["DIGIT"], "readwrite":"RW", "tags":[""], "description":"Total number of readings saved since last cleared. Typically cleared if new battery is installed."},
   {"address":22222, "name":"DGT_BATTERY_INSTALL_DATE", "type":"UINT32", "devices":["DIGIT"], "readwrite":"RW", "tags":[""], "description":"The date that the battery was installed. Timestamp format = Seconds since 1970. This parameter is used to estimate remaining battery life."},
   {"address":22231, "name":"DGT_HUMIDITY_CAL_OFFSET_FACTORY", "type":"UINT16", "devices":["DIGIT"], "readwrite":"RW", "tags":[""], "description":"The factory calibration offset which can be used in the conversion of raw humidity. Write requires unlocked."},
   {"address":22232, "name":"DGT_HUMIDITY_CAL_OFFSET", "type":"UINT16", "devices":["DIGIT"], "readwrite":"RW", "tags":[""], "description":"A single point offset used in the conversion of raw humidity. Units in 100s fF"},
   {"address":22233, "name":"DGT_HUMIDITY_CAL_I_SOURCE", "type":"UINT16", "devices":["DIGIT"], "readwrite":"RW", "tags":[""], "description":"Read=Constant current source trim value. Write(any value)=Automatically calibrate the current source. The current source is used for humidity readings, and once calibrated, it will not need to be calibrated again."},
   {"address":22234, "name":"DGT_HUMIDITY_CAL_SLOPE_FACTORY", "type":"FLOAT32", "devices":["DIGIT"], "readwrite":"RW", "tags":[""], "description":"The factory slope of humidity which can be used in the conversion of raw humidity. Units in %Rh per 100s fF. Write requires unlocked."},
   {"address":22236, "name":"DGT_HUMIDITY_CAL_SLOPE", "type":"FLOAT32", "devices":["DIGIT"], "readwrite":"RW", "tags":[""], "description":"The slope of humidity used in the conversion of raw humidity. Units in %Rh per 100s fF."},
   {"address":22238, "name":"DGT_HUMIDITY_CAL_TEMPERATURE_SLOPE", "type":"FLOAT32", "devices":["DIGIT"], "readwrite":"RW", "tags":[""], "description":"The temperature dependent factor used in the conversion of raw humidity. Units in 100s fF per degC"},
   {"address":22242, "name":"DGT_RTCC_TIME", "type":"UINT16", "devices":["DIGIT"], "readwrite":"RW", "tags":[""], "description":"The current time of the real-time-clock on the Digit. Synchronized with the computer within software. 22242 Year=0 to 99, 22243 Month=1 to 12, 22244 Day=1 to 31, 22245 Weekday=1 to 7, 22246 Hour=0 to 23, 22247 Minutes=0 to 59, 22248 Second=0 to 59"},
   {"address":22804, "name":"DGT_EXTERN_FLASH_WIP", "type":"UINT16", "devices":["DIGIT"], "readwrite":"R", "tags":[""], "description":"A status flag for the external flash(data storage chip) on the Digit. 1=Write in-progress, 0=Idle"},
   {"address":22810, "name":"DGT_pEXTERN_FLASH_READ", "type":"UINT32", "devices":["DIGIT"], "readwrite":"RW", "tags":[""], "description":"The read pointer for external flash. Auto-incremented, simply initialize with a start address, then use 22812+"},
   {"address":22812, "name":"DGT_EXTERN_FLASH_READ", "type":"UINT16", "devices":["DIGIT"], "readwrite":"R", "tags":[""], "description":"Read data from this address and subsequent addresses after pointer is initialized. Used to download data from the Digit."},
   {"address":22822, "name":"DGT_EXTERN_FLASH_bkERASE", "type":"UINT16", "devices":["DIGIT"], "readwrite":"W", "tags":[""], "description":"Erase all data on the external flash. KEY=Erase, Other=No effect, KEY=37157 Takes 5seconds to complete, so poll the WIP status flag until =0."},
   {"address":22830, "name":"DGT_pEXTERN_FLASH_WRITE", "type":"UINT32", "devices":["DIGIT"], "readwrite":"RW", "tags":[""], "description":"The write pointer for external flash. Auto-incremented, simply initialize with a start address, then use 22832+"},
   {"address":22832, "name":"DGT_EXTERN_FLASH_WRITE", "type":"UINT16", "devices":["DIGIT"], "readwrite":"W", "tags":[""], "description":"Write data to this address and subsequent addresses after pointer is initialized. Used primarily for firmware updates."},
   {"address":22840, "name":"DGT_SAVE_CHANGES", "type":"UINT16", "devices":["DIGIT"], "readwrite":"W", "tags":[""], "description":"1=Save, 0=Don't save. No configuration changes become permanent until this register is used."},
   {"address":22841, "name":"DGT_RE_INITIALIZE_CONFIG", "type":"UINT16", "devices":["DIGIT"], "readwrite":"W", "tags":[""], "description":"Re-initializes the Digit to the configuration it had when connected to the computer. Clears out recent settings changes that are not yet saved."},
   {"address":22842, "name":"DGT_LENGTH_USB_SESSION", "type":"UINT32", "devices":["DIGIT"], "readwrite":"R", "tags":[""], "description":"The number of blank readings collected since connection to the computer"},
   {"address":22844, "name":"DGT_FACTORY_UNLOCK", "type":"UINT16", "devices":["DIGIT"], "readwrite":"W", "tags":[""], "description":"Write a unique passkey to unlock factory settings. Only used by mfr."},
   {"address":61996, "name":"DGT_REQ_FW_UPDATE", "type":"UINT32", "devices":["DIGIT"], "readwrite":"W", "tags":[""], "description":"Request a firmware update.  Pass a value of 150 (5mS) so that the Digit has time to de-enumerate. Only used by mfr."}
 ],

 "registers_beta":
 [
   {"address":49410, "name":"WIFI_START_ADHOC", "type":"UINT32", "devices":[{"device":"T7", "fwmin":0.9308}], "readwrite":"W", "tags":["WIFI"]},

   {"address":52000, "name":"AIN#(0:254)_EF_SCANRATE_HZ", "type":"FLOAT32", "devices":[{"device":"T7", "fwmin":0.9404}], "readwrite":"RW", "default":0, "tags":["AIN_EF", "AIN"]},
   {"address":53000, "name":"AIN#(0:254)_EF_NUM_SCANS", "type":"FLOAT32", "devices":[{"device":"T7", "fwmin":0.9404}], "readwrite":"RW", "default":0, "tags":["AIN_EF", "AIN"]},

   {"address":43000, "name":"AIN#(0:254)_EF_TYPE", "type":"UINT16", "devices":[{"device":"T7", "fwmin":0.9328}], "readwrite":"RW", "default":0, "tags":["AIN_EF", "AIN"]},

   {"address":2580, "name":"FIO_EIO_STATE", "type":"UINT16", "devices":[{"device":"T7", "fwmin":1.0005}], "readwrite":"RW", "tags":["DIO"], "streamable":true, "displayname":["FIO-EIO Port State"], "description":"Read or write the state of the 16 bits of FIO-EIO in a single binary-encoded value.  Does not configure direction.  A read of an output returns the current logic level on the terminal, not necessarily the output state written."},
   {"address":2581, "name":"EIO_CIO_STATE", "type":"UINT16", "devices":[{"device":"T7", "fwmin":1.0005}], "readwrite":"RW", "tags":["DIO"], "streamable":true, "displayname":["EIO-CIO Port State"], "description":"Read or write the state of the 12 bits of EIO-CIO in a single binary-encoded value.  Does not configure direction.  A read of an output returns the current logic level on the terminal, not necessarily the output state written."},

   {"address":4040, "name":"STREAM_OUT#(0:4)_TARGET", "type":"UINT32", "devices":[{"device":"T7", "fwmin":0.9300}], "readwrite":"RW", "default":0, "tags":["STREAM"],"description":"Channel that data will be written to."},
   {"address":4050, "name":"STREAM_OUT#(0:4)_BUFFER_SIZE", "type":"UINT32", "devices":[{"device":"T7", "fwmin":0.9300}], "readwrite":"RW", "default":0, "tags":["STREAM"],"description":"Size of the buffer in bytes. Should be at least twice the size of updates that will be written."},
   {"address":4060, "name":"STREAM_OUT#(0:4)_LOOP_SIZE", "type":"UINT32", "devices":[{"device":"T7", "fwmin":0.9300}], "readwrite":"RW", "default":0, "tags":["STREAM"],"description":""},
   {"address":4070, "name":"STREAM_OUT#(0:4)_SET_LOOP", "type":"UINT32", "devices":[{"device":"T7", "fwmin":0.9300}], "readwrite":"W", "default":0, "tags":["STREAM"],"description":""},
   {"address":4080, "name":"STREAM_OUT#(0:4)_BUFFER_STATUS", "type":"UINT32", "devices":[{"device":"T7", "fwmin":0.9300}], "readwrite":"R", "default":0, "tags":["STREAM"],"description":""},
   {"address":4090, "name":"STREAM_OUT#(0:4)_ENABLE", "type":"UINT32", "devices":[{"device":"T7", "fwmin":0.9300}], "readwrite":"RW", "default":0, "tags":["STREAM"],"description":""},
   {"address":4400, "name":"STREAM_OUT#(0:4)_BUFFER_F32", "type":"FLOAT32", "devices":[{"device":"T7", "fwmin":0.9300}], "readwrite":"W", "default":0, "tags":["STREAM"],"description":""},
   {"address":4410, "name":"STREAM_OUT#(0:4)_BUFFER_U32", "type":"UINT32", "devices":[{"device":"T7", "fwmin":0.9300}], "readwrite":"W", "default":0, "tags":["STREAM"],"description":""},
   {"address":4420, "name":"STREAM_OUT#(0:4)_BUFFER_U16", "type":"UINT16", "devices":[{"device":"T7", "fwmin":0.9300}], "readwrite":"W", "default":0, "tags":["STREAM"],"description":""},

   {"address":4018, "name":"STREAM_DATATYPE", "type":"UINT32", "devices":["T7"], "readwrite":"RW", "default":0, "tags":["STREAM"],"description":"Currently unavailable."},
   {"address":4014, "name":"STREAM_CLOCK_SOURCE", "type":"UINT32", "devices":["T7"], "readwrite":"RW", "default":0, "tags":["STREAM"],"description":"Controls advanced stream options: Immediate scan, external clock, and gated run."},
   {"address":4500, "name":"STREAM_DATA_CR", "type":"UINT32", "devices":["T7"], "readwrite":"R", "tags":["STREAM"],"description":"Addres to read stream data from when operating in C-R mode."},

   {"address":49406, "name":"WIFI_SCAN_START", "type":"UINT32", "devices":[{"device":"T7", "fwmin":0.87}], "readwrite":"W", "tags":["WIFI"]},
   {"address":49486, "name":"WIFI_SCAN_NUM_BYTES", "type":"UINT32", "devices":[{"device":"T7", "fwmin":0.87}], "readwrite":"R", "tags":["WIFI"]},
   {"address":49488, "name":"WIFI_SCAN_DATA", "type":"BYTE", "devices":[{"device":"T7", "fwmin":0.87}], "readwrite":"R", "tags":["WIFI"]},

   {"address":6000, "name":"LUA_RUN", "type":"UINT32", "devices":[{"device":"T7", "fwmin":1.0018}], "readwrite":"RW", "tags":["LUA"]},
   {"address":6006, "name":"LUA_NUM_IO_FLOATS", "type":"UINT32", "devices":[{"device":"T7", "fwmin":1.0023}], "readwrite":"RW", "tags":["LUA"]},
   {"address":6012, "name":"LUA_SOURCE_SIZE", "type":"UINT32", "devices":[{"device":"T7", "fwmin":1.0018}], "readwrite":"RW", "tags":["LUA"]},
   {"address":6014, "name":"LUA_SOURCE_WRITE", "type":"UINT32", "devices":[{"device":"T7", "fwmin":1.0018}], "readwrite":"RW", "tags":["LUA"]},
   {"address":6020, "name":"LUA_DEBUG_ENABLE", "type":"UINT32", "devices":[{"device":"T7", "fwmin":1.0018}], "readwrite":"RW", "tags":["LUA"]},
   {"address":6022, "name":"LUA_DEBUG_NUM_BYTES", "type":"UINT32", "devices":[{"device":"T7", "fwmin":1.0018}], "readwrite":"RW", "tags":["LUA"]},
   {"address":6024, "name":"LUA_DEBUG_DATA", "type":"UINT32", "devices":[{"device":"T7", "fwmin":1.0018}], "readwrite":"RW", "tags":["LUA"]},
   {"address":46000, "name":"LUA_IO_R#(0:4)", "type":"FLOAT32", "devices":[{"device":"T7", "fwmin":1.0023}], "readwrite":"RW", "tags":["LUA"]},
   {"address":47000, "name":"LUA_IO_W#(0:4)", "type":"FLOAT32", "devices":[{"device":"T7", "fwmin":1.0023}], "readwrite":"RW", "tags":["LUA"]},



   {"address":60050, "name":"TEMPERATURE_AMBIENT_K", "type":"FLOAT32", "devices":[{"device":"T7", "fwmin":1.0017}], "readwrite":"R", "tags":["AIN"], "streamable":true, "displayname":["Ambient Temperature [deg K]"], "description":"Returns the estimated ambient temperature just outside a T7 in its red plastic enclosure.  This register is simply TEMPERATURE_DEVICE_K - 1.5."},
   {"address":60052, "name":"TEMPERATURE_DEVICE_K", "type":"FLOAT32", "devices":[{"device":"T7", "fwmin":1.0017}], "readwrite":"R", "tags":["AIN"], "streamable":true, "displayname":["Device Temperature [deg K]"], "description":"Takes a reading from AIN14 using range=+/-10V and resolution=8, and applies the formula Volts*-92.379+465.129 to return degrees K.  AIN14 is internally connected to an LM94021 (U24) with GS=10 which is physically located on the bottom of the PCB between the AIN0/1 and AIN2/3 screw-terminals."}

 ],

 "errors":
 [
   {"error":0, "string":"LJ_SUCCESS"},

   {"error":200, "string":"LJME_WARNINGS_BEGIN", "description":"This indicates where the warning codes start is not a real warning code."},
   {"error":399, "string":"LJME_WARNINGS_END", "description":"This indicates where the warning codes end is not a real warning code."},
   {"error":201, "string":"LJME_FRAMES_OMITTED_DUE_TO_PACKET_SIZE", "description":"Some read/write operation(s) were not sent to the device because the Feedback command being created was too large for the device, given the current connection type."},
   {"error":202, "string":"LJME_DEBUG_LOG_FAILURE", "description":"The debug log file could not be written to. Check the LJM_DEBUG_LOG_FILE and related LJM configurations."},
   {"error":203, "string":"LJME_USING_DEFAULT_CALIBRATION", "description":"The device's calibration could not be read, so the nominal calibration values were used."},

   {"error":254, "string":"FEATURE_NOT_IMPLEMENTED"},

   {"error":1200, "string":"LJME_MODBUS_ERRORS_BEGIN", "description":"This indicates where the Modbus error codes start is not a real Modbus error code."},
   {"error":1216, "string":"LJME_MODBUS_ERRORS_END", "description":"This indicates where the Modbus error codes end is not a real Modbus error code."},
   {"error":1201, "string":"LJME_MBE1_ILLEGAL_FUNCTION", "description":"The device received an invalid function code."},
   {"error":1202, "string":"LJME_MBE2_ILLEGAL_DATA_ADDRESS", "description":"The device received an invalid address."},
   {"error":1203, "string":"LJME_MBE3_ILLEGAL_DATA_VALUE", "description":"The device received a value that could not be written to the specified address."},
   {"error":1204, "string":"LJME_MBE4_SLAVE_DEVICE_FAILURE", "description":"The device encountered an error."},
   {"error":1205, "string":"LJME_MBE5_ACKNOWLEDGE", "description":"The device acknowledges the request, but will take some time to process."},
   {"error":1206, "string":"LJME_MBE6_SLAVE_DEVICE_BUSY", "description":"The device is busy and cannot respond currently."},
   {"error":1208, "string":"LJME_MBE8_MEMORY_PARITY_ERROR", "description":"The device detected a memory parity error."},
   {"error":1210, "string":"LJME_MBE10_GATEWAY_PATH_UNAVAILABLE", "description":"The requested route was not available."},
   {"error":1211, "string":"LJME_MBE11_GATEWAY_TARGET_NO_RESPONSE", "description":"The requested route was available but the device failed to respond."},
   {"error":1220, "string":"LJME_LIBRARY_ERRORS_BEGIN", "description":"This indicates where the LJM error codes start is not a real LJM error code."},
   {"error":1399, "string":"LJME_LIBRARY_ERRORS_END", "description":"This indicates where the LJM error codes end is not a real LJM error code."},
   {"error":1221, "string":"LJME_UNKNOWN_ERROR", "description":"LJM reached an unexpected state."},
   {"error":1222, "string":"LJME_INVALID_DEVICE_TYPE"},
   {"error":1223, "string":"LJME_INVALID_HANDLE"},
   {"error":1224, "string":"LJME_DEVICE_NOT_OPEN"},
   {"error":1225, "string":"LJME_STREAM_NOT_INITIALIZED"},
   {"error":1227, "string":"LJME_DEVICE_NOT_FOUND"},
   {"error":1229, "string":"LJME_DEVICE_ALREADY_OPEN"},
   {"error":1230, "string":"LJME_COULD_NOT_CLAIM_DEVICE"},
   {"error":1231, "string":"LJME_CANNOT_CONNECT"},
   {"error":1233, "string":"LJME_SOCKET_LEVEL_ERROR"},
   {"error":1236, "string":"LJME_CANNOT_OPEN_DEVICE"},
   {"error":1237, "string":"LJME_CANNOT_DISCONNECT"},
   {"error":1238, "string":"LJME_WINSOCK_FAILURE"},
   {"error":1239, "string":"LJME_DEVICE_RECONNECT_FAILED"},
   {"error":1250, "string":"LJME_INVALID_ADDRESS"},
   {"error":1251, "string":"LJME_INVALID_CONNECTION_TYPE"},
   {"error":1252, "string":"LJME_INVALID_DIRECTION"},
   {"error":1253, "string":"LJME_INVALID_FUNCTION"},
   {"error":1254, "string":"LJME_INVALID_NUM_REGISTERS"},
   {"error":1255, "string":"LJME_INVALID_PARAMETER"},
   {"error":1256, "string":"LJME_INVALID_PROTOCOL_ID"},
   {"error":1257, "string":"LJME_INVALID_TRANSACTION_ID"},
   {"error":1259, "string":"LJME_INVALID_VALUE_TYPE"},
   {"error":1260, "string":"LJME_MEMORY_ALLOCATION_FAILURE"},
   {"error":1261, "string":"LJME_NO_COMMAND_BYTES_SENT"},
   {"error":1262, "string":"LJME_INCORRECT_NUM_COMMAND_BYTES_SENT"},
   {"error":1263, "string":"LJME_NO_RESPONSE_BYTES_RECEIVED"},
   {"error":1264, "string":"LJME_INCORRECT_NUM_RESPONSE_BYTES_RECEIVED"},
   {"error":1265, "string":"LJME_MIXED_FORMAT_IP_ADDRESS"},
   {"error":1266, "string":"LJME_UNKNOWN_IDENTIFIER"},
   {"error":1267, "string":"LJME_NOT_IMPLEMENTED"},
   {"error":1268, "string":"LJME_INVALID_INDEX"},
   {"error":1269, "string":"LJME_INVALID_LENGTH"},
   {"error":1270, "string":"LJME_ERROR_BIT_SET"},
   {"error":1271, "string":"LJME_INVALID_MAXBYTESPERMBFB"},
   {"error":1272, "string":"LJME_NULL_POINTER"},
   {"error":1273, "string":"LJME_NULL_OBJ"},
   {"error":1274, "string":"LJME_RESERVED_NAME"},
   {"error":1275, "string":"LJME_UNPARSABLE_DEVICE_TYPE"},
   {"error":1276, "string":"LJME_UNPARSABLE_CONNECTION_TYPE"},
   {"error":1277, "string":"LJME_UNPARSABLE_IDENTIFIER"},
   {"error":1278, "string":"LJME_PACKET_SIZE_TOO_LARGE"},
   {"error":1279, "string":"LJME_TRANSACTION_ID_ERR"},
   {"error":1280, "string":"LJME_PROTOCOL_ID_ERR"},
   {"error":1281, "string":"LJME_LENGTH_ERR"},
   {"error":1282, "string":"LJME_UNIT_ID_ERR"},
   {"error":1283, "string":"LJME_FUNCTION_ERR"},
   {"error":1284, "string":"LJME_STARTING_REG_ERR"},
   {"error":1285, "string":"LJME_NUM_REGS_ERR"},
   {"error":1286, "string":"LJME_NUM_BYTES_ERR"},
   {"error":1289, "string":"LJME_CONFIG_FILE_NOT_FOUND"},
   {"error":1290, "string":"LJME_CONFIG_PARSING_ERROR"},
   {"error":1291, "string":"LJME_INVALID_NUM_VALUES"},
   {"error":1292, "string":"LJME_CONSTANTS_FILE_NOT_FOUND"},
   {"error":1293, "string":"LJME_INVALID_CONSTANTS_FILE"},
   {"error":1294, "string":"LJME_INVALID_NAME"},

   {"error":1296, "string":"LJME_OVERSPECIFIED_PORT"},
   {"error":1297, "string":"LJME_INTENT_NOT_READY"},
   {"error":1298, "string":"LJME_ATTR_LOAD_COMM_FAILURE"},
   {"error":1299, "string":"LJME_INVALID_CONFIG_NAME"},
   {"error":1300, "string":"LJME_ERROR_RETRIEVAL_FAILURE"},
   {"error":1301, "string":"LJME_LJM_BUFFER_FULL"},
   {"error":1302, "string":"LJME_COULD_NOT_START_STREAM"},
   {"error":1303, "string":"LJME_STREAM_NOT_RUNNING"},
   {"error":1304, "string":"LJME_UNABLE_TO_STOP_STREAM"},
   {"error":1305, "string":"LJME_INVALID_VALUE"},
   {"error":1306, "string":"LJME_SYNCHRONIZATION_TIMEOUT"},
   {"error":1307, "string":"LJME_OLD_FIRMWARE"},
   {"error":1308, "string":"LJME_CANNOT_READ_OUT_ONLY_STREAM"},


   {"error":2300, "string":"MODBUS_RSP_OVERFLOW"},
   {"error":2301, "string":"MODBUS_CMD_OVERFLOW"},
   {"error":2310, "string":"MODBUS_STRING_CMD_TOO_BIG"},
   {"error":2311, "string":"MODBUS_STRING_PARAM_TOO_BIG"},
   {"error":2312, "string":"MODBUS_STRING_BAD_NUM_PARAMS"},
   {"error":2313, "string":"MODBUS_INVALID_NUM_REGISTERS"},
   {"error":2314, "string":"MODBUS_READ_TOO_LARGE"},
   {"error":2315, "string":"MODBUS_NUM_REGS_MUST_BE_EVEN"},
   {"error":2330, "string":"STARTUP_CONFIG_INVALID_CODE"},
   {"error":2331, "string":"STARTUP_CONFIG_INVALID_READ"},
   {"error":2350, "string":"EXFLASH_ADD_INVALID"},
   {"error":2351, "string":"EXFLASH_CODE_INVALID"},
   {"error":2352, "string":"EXFLASH_OP_PROHIBITED"},
   {"error":2353, "string":"EXFLASH_SECTION_OVERWRITE"},
   {"error":2354, "string":"EXFLASH_KEY_INVALID"},
   {"error":2355, "string":"FLASH_VERIFICATION_FAILED"},
   {"error":2356, "string":"FLASH_ERASE_FAILED"},
   {"error":2358, "string":"EXFLASH_UNAVAILABLE"},
   {"error":2370, "string":"AIN_RANGE_INVALID"},
   {"error":2371, "string":"AIN_SETTLINE_INVALID"},
   {"error":2380, "string":"LUA_VM_STATE_NO_CHANGE"},
   {"error":2381, "string":"LUA_INITIALIZATION_ERROR"},
   {"error":2382, "string":"LUA_INVALID_NUM_IO_FLOATS"},
   {"error":2383, "string":"LUA_IO_FLOATMEM_OVERFLOW"},
   {"error":2384, "string":"LUA_INVALID_MODE"},
   {"error":2385, "string":"LUA_IS_RUNNING"},
   {"error":2400, "string":"SYSTEM_MEMORY_BEREFT"},
   {"error":2401, "string":"SYSTEM_MEMORY_OVERWRITE"},
   {"error":2402, "string":"SYSTEM_RESTART_CODE_INVALID"},
   {"error":2403, "string":"SYSTEM_READ_OVERRUN"},
   {"error":2404, "string":"SYSTEM_INVALIDE_PIN"},
   {"error":2405, "string":"SYSTEM_NVRAM_UNAVAILABLE"},
   {"error":2406, "string":"SYSTEM_NVRAM_INVALID_ADDRESS"},
   {"error":2420, "string":"DEVICE_NAME_MUST_BE_ALPHANUM"},
   {"error":2450, "string":"POWER_INVALID_SETTING"},
   {"error":2451, "string":"POWER_USB_NEEDS_20MHZ_OR_MORE"},
   {"error":2452, "string":"POWER_NO_CHANGE"},
   {"error":2460, "string":"POWER_ANALOG_OFF"},
   {"error":2490, "string":"WIFI_NOT_ASSOCIATED"},
   {"error":2500, "string":"HW_DIO_NOT_AVAILABLE"},
   {"error":2508, "string":"HW_CNTR0_NOT_AVAILABLE"},
   {"error":2509, "string":"HW_CNTR1_NOT_AVAILABLE"},
   {"error":2510, "string":"HW_CNTR2_NOT_AVAILABLE"},
   {"error":2511, "string":"HW_CNTR3_NOT_AVAILABLE"},
   {"error":2520, "string":"HW_CIO0_NOT_AVAILABLE"},
   {"error":2521, "string":"HW_CIO1_NOT_AVAILABLE"},
   {"error":2550, "string":"TNC_DIO_HAS_NO_TNC_FEATURES"},
   {"error":2551, "string":"TNC_INVALID_MODE"},
   {"error":2552, "string":"TNC_MODE_NOT_SUPPORTED"},
   {"error":2553, "string":"TNC_PIN_MODE_MISMATCH"},
   {"error":2554, "string":"TNC_TIMER_NOT_ENABLED"},
   {"error":2555, "string":"TNC_32BIT_DATA_INTO_16BIT_REG"},
   {"error":2556, "string":"TNC_SET_TO_32BIT"},
   {"error":2557, "string":"TNC_SMOOTH_VALUE_OUT_OF_RANGE"},
   {"error":2558, "string":"TNC_32BIT_REQUIRES_BOTH_CNT0n1"},
   {"error":2559, "string":"TNC_PRESCALE_VALUE_INVALID"},
   {"error":2560, "string":"TNC_PIN_RESERVED"},
   {"error":2561, "string":"TNC_INVALID_DIO_NUMBER"},
   {"error":2563, "string":"EF_LINE_MUST_BE_LOW_BEFORE_STARTING"},
   {"error":2580, "string":"AF_INVALID_MODE"},


   {"error":2600, "string":"STREAM_NEED_AT_LEAST_ONE_CHN"},
   {"error":2601, "string":"STREAM_CLOCK_BASE_NOT_WRITABLE"},
   {"error":2602, "string":"STREAM_EXTCLK_AND_GATE_MX"},
   {"error":2603, "string":"STREAM_IN_SPONTANEOUS_MODE"},
   {"error":2604, "string":"STREAM_USB_PKT_OVERFLOW"},
   {"error":2605, "string":"STREAM_IS_ACTIVE"},
   {"error":2606, "string":"STREAM_CONFIG_INVALID"},
   {"error":2607, "string":"STREAM_CHN_LIST_INVALID"},
   {"error":2608, "string":"STREAM_SCAN_RATE_INVALID"},
   {"error":2609, "string":"STREAM_OUT_BUFF_TOO_BIG"},
   {"error":2610, "string":"STREAM_OUT_NUM_INVALID"},
   {"error":2611, "string":"STREAM_DATA_TYPE_INVALID"},
   {"error":2612, "string":"STREAM_TARGET_CONFIG_INVALID"},
   {"error":2613, "string":"STREAM_OUT_BUFF_FULL"},
   {"error":2614, "string":"STREAM_OUT_TARGET_INVALID"},
   {"error":2615, "string":"STREAM_BUFF_SIZE_INVALID"},
   {"error":2616, "string":"STREAM_OUT_BUFF_LOOP_OVERWRITE"},
   {"error":2617, "string":"STREAM_OUT_BUFF_DNE"},
   {"error":2618, "string":"STREAM_SAMPLES_PER_PKT_INVALID"},
   {"error":2619, "string":"STREAM_BUFFER_DNE"},
   {"error":2620, "string":"STREAM_NOT_RUNNING"},
   {"error":2621, "string":"STREAM_SETTLING_INVALID"},
   {"error":2622, "string":"STREAM_OUT_LOOP_TOO_BIG"},
   {"error":2623, "string":"STREAM_OUT_DATA_TRGT_MISSMATCH"},
   {"error":2670, "string":"SWDT_ROLLT_INVALID"},
   {"error":2671, "string":"SWDT_ENABLED"},
   {"error":2672, "string":"SWDT_DIO_SETTINGS_INVALID"},
   {"error":2673, "string":"SWDT_DAC0_SETTINGS_INVALID"},
   {"error":2674, "string":"SWDT_DAC1_SETTINGS_INVALID"},
   {"error":2690, "string":"RTC_TIME_INVALID"},
   {"error":2691, "string":"RTC_SNTP_TIME_INVALID"},

   {"error":2700, "string":"SPI_MODE_INVALID"},
   {"error":2701, "string":"SPI_NO_DATA_AVAILABLE"},
   {"error":2702, "string":"SPI_CS_PIN_INVALID"},
   {"error":2703, "string":"SPI_CLK_PIN_INVALID"},
   {"error":2704, "string":"SPI_MISO_PIN_INVALID"},
   {"error":2705, "string":"SPI_MOSI_PIN_INVALID"},
   {"error":2706, "string":"SPI_CS_PIN_RESERVED"},
   {"error":2707, "string":"SPI_CLK_PIN_RESERVED"},
   {"error":2708, "string":"SPI_MISO_PIN_RESERVED"},
   {"error":2709, "string":"SPI_MOSI_PIN_RESERVED"},
   {"error":2710, "string":"SPI_TRANSFER_SIZE_TOO_LARGE"},
   {"error":2720, "string":"I2C_BUS_BUSY"},
   {"error":2721, "string":"I2C_NO_DATA_AVAILABLE"},
   {"error":2722, "string":"I2C_SDA_PIN_INVALID"},
   {"error":2723, "string":"I2C_SCL_PIN_INVALID"},
   {"error":2724, "string":"I2C_SDA_PIN_RESERVED"},
   {"error":2725, "string":"I2C_SCL_PIN_RESERVED"},
   {"error":2726, "string":"I2C_TX_SIZE_TOO_LARGE"},
   {"error":2727, "string":"I2C_RX_SIZE_TOO_LARGE"},
   {"error":2740, "string":"SHT1x_COMM_TIME_OUT"},
   {"error":2741, "string":"SHT1x_NO_ACK"},
   {"error":2742, "string":"SHT1X_CUSTOM_MODE_INVALID"},
   {"error":2760, "string":"TDAC_SDA_SCL_INVALID"},
   {"error":2761, "string":"TDAC_SCL_INVALID"},
   {"error":2762, "string":"TDAC_INVALID_CHANNEL"},
   {"error":2763, "string":"TDAC_CAL_READ_FAILURE"},

   {"error":2900, "string":"WIFI_ASSOCIATED"},
   {"error":2901, "string":"WIFI_ASSOCIATING"},
   {"error":2902, "string":"WIFI_ASSOCIATION_FAILED"},
   {"error":2903, "string":"WIFI_UNPOWERED"},
   {"error":2904, "string":"WIFI_BOOTING_UP"},
   {"error":2905, "string":"WIFI_COULD_NOT_START"},
   {"error":2906, "string":"WIFI_APPLYING_SETTINGS"},
   {"error":2907, "string":"WIFI_DHCP_STARTED"},
   {"error":2909, "string":"WIFI_OTHER"},
   {"error":2920, "string":"WIFI_UPDATE_CONFIG"},
   {"error":2921, "string":"WIFI_UPDATE_IN_PROG"},
   {"error":2923, "string":"WIFI_UPDATE_REBOOT"},
   {"error":2924, "string":"WIFI_UPDATE_SUCCESS"},
   {"error":2925, "string":"WIFI_UPDATE_FAILED"},
   {"error":2940, "string":"STREAM_AUTO_RECOVER_ACTIVE"},
   {"error":2941, "string":"STREAM_AUTO_RECOVER_END"},
   {"error":2942, "string":"STREAM_SCAN_OVERLAP"},
   {"error":2943, "string":"STREAM_AUTO_RECOVER_END_OVERFLOW"},
   {"error":2950, "string":"SELFDIAG_MAIN_OSC_FAIL"}
 ],


  "comments":
  [
    "Use jslint.com to check validity of this JSON file after every change.",
    "Try to go for noun_adjective_verb in register names.",
    "2013.01.28.A:  Removed plurals on port and all digital register names.",
    "2013.01.30.A:  Added this comments section at bottom.  Changed neg=>negative, res=>resolution, set=>settling.  Changed dio_all to just dio.",
    "2013.02.01.A:  Added DF constants to beta section.",
    "2013.02.07.A:  Added WiFi DHCP constants.  Added DSF read registers to beta section.",
    "2013.02.11.A:  Changing some LJM error code names.",
    "2013.02.15.A:  Changed readwrite values: RO => R and WO => W.  Added TDAC registers.",
    "2013.02.18.A:  Moved TDAC registers to beta section.  Changed DAC_SCL to TDAC_SCL.",
    "2013.02.19.A:  Added LJME_ERROR_RETRIEVAL_FAILURE.",
    "2013.02.20.A:  Fixed tags for DSF.  Changed names for IO_CONFIG stuff.",
    "2013.02.21.A:  Added HARDWARE_INSTALLED to beta section.",
    "2013.02.26.A:  Added BATTERY_INSTALL_DATE to beta section.",
    "2013.02.27.A:  Changed DSF to DF in beta section.",
    "2013.03.20.A:  Added HUMIDITY_CAL_BAT_OFFSET to beta section.",
    "2013.03.22.A:  Changed DF to EF in beta section.",
    "2013.03.29.A:  Moved WIFI SSID_DEFAULT and PASS_DEFAULT to make room for 64 character passphrases. Added WIFI_UPDATE and WIFI_UPDATE_STATUS.",
    "2013.03.30.A:  Added O-stream registers.",
    "2013.04.02.A:  Edited O-stream register names.",
    "2013.04.10.A:  Name changes to AIN#(0:254)_NEGATIVE, AIN#(0:254)_RESOLUTION, ETHERNET_DHCP, ETHERNET_DHCP_DEFAULT, WIFI_DHCP, WIFI_DHCP_DEFAULT, WIFI_PASS_DEFAULT, DEVICE_NAME, WATCHDOG_TIMEOUT_DEFAULT, and WATCHDOG_STARTUP_DELAY_DEFAULT.",
    "2013.04.11.A:  Added 42500, 7000, 7002, 7004 to the beta section (Analog EF).",
    "2013.04.16.A:  Added WIFI_START_ADHOC.",
    "2013.04.17.A:  Changed type of AIN_EF_RESULTS_DC_OFFSET, AIN_EF_RESULTS_P2P, and AIN_EF_RESULTS_PERIOD from FLOAT to FLOAT32.",
    "2013.04.26.A:  Changed the spacing of EF registers.",
    "2013.05.22.A:  Fixed WIFI_SCAN_START address.",
    "2013.05.23.A:  Added current source cal value registers.",
    "2013.05.26.A:  Added/Updated firmware error and status codes. 2900-2999 are status codes.",
    "2013.05.30.A:  Changed WIFI_APPLY_SETTINGS to write-only.",
    "2013.06.03.A:  Added registers for global AIN settings referred to as AIN_ALL_.... Moved AIN configuration registers to make room for changing settling to a float32.",
    "2013.06.04.A:  Added registers for I2C.",
    "2013.06.06.A:  Fixed typos in I2C section found by jslint.com.  Started adding displayname and description fields.",
    "2013.06.07.A:  Synching the LJM error codes.",
    "2013.06.12.A:  Removed port mask registers.  Changed names of some stream registers.",
    "2013.06.12.B:  Removed the empty altnames",
    "2013.06.13.A:  Added AF frequency and num-samples registers. Moved TDAC reads",
    "2013.06.14.A:  Removed spaces from register names",
    "2013.06.17.A:  Some EF register names were changed due to a document conflict. Used remote version and changed back to proper names.",
    "2013.06.18.A:  More descriptions added.",
    "2013.06.18.A:  Made descriptions a string rather than a list.",
    "2013.06.21.A:  Changed some watchdog descriptions.",
    "2013.06.22.A:  Added error 2942.",
    "2013.06.24.A:  Added error 2358.  More descriptions added.",
    "2013.06.26.A:  Changed some upgrade errorcodes to update.",
    "2013.06.28.A:  Changed STREAM_BUFFER_SIZE_INDEX to STREAM_BUFFER_SIZE_BYTES.",
    "2013.07.01.A:  Added max firmware version to stream_stop",
    "2013.07.05.A:  Added AIN_ALL_EF_TYPE and CORE_TIMER. Changed AIN_ALL_SETTLING to AIN_ALL_SETTLING_US.",
    "2013.07.09.A:  Added SYSTEM_REBOOT, LJME_INVALID_VALUE.",
    "2013.07.09.A:  STREAM_AUTO_RECOVER_END_OVERFLOW",
    "2013.07.22.A:  LJME_SYNCHRONIZATION_TIMEOUT",
    "2013.07.23.A:  Changed STREAM_START to STREAM_ENABLE and removed STREAM_STOP.",
    "2013.07.24.A:  LJME_OLD_FIRMWARE.",
    "2013.07.31.A:  LJME_USING_DEFAULT_CALIBRATION.",
    "2013.08.02.A:  Added clock count registers.",
    "2013.08.20.A:  Changed type of I2C_WRITE and I2C_READ to BYTE.",
    "2013.08.21.A:  Changes to I2C, SHT, and TDAC registers ... still in beta section.",
    "2013.08.24.A:  Updated I2C to use the GO register",
    "2013.08.30.A:  Added LJME_CONFIG_FILE_NOT_FOUND",
    "2013.09.05.A:  Moved some entries from registers_beta to registers:  WIFI_RSSI, WIFI_FIRMWARE_UPDATE_STATUS, AIN#(0:254)_SETTLING_US",
    "2013.09.10.A:  Added comments to the I2C registers.",
    "2013.10.15.A:  Added digital EF read with reset register.",
    "2013.10.16.A:  Various descriptions added.",
    "2013.10.23.A:  Changed SPI registers. Moved HARDWARE_INSTALLED to release.",
    "2013.10.24.A:  Moved DIO_EF to release.",
    "2013.10.25.A:  Moved various to release.",
    "2013.11.08.A:  SPI description edits.",
    "2013.11.12.A:  Added FIO-EIO and EIO-CIO registers to beta section.",
    "2013.11.18.A:  Added External flash registers.",
    "2013.11.19.A:  Description edits.",
    "2013.11.29.A:  Changed SPI DATA types to BYTE.",
    "2013.12.06.A:  Changes to watchdog registers.",
    "2013.12.09.A:  Description edits.",
    "2013.12.10.A:  Changed SPI_SPEED to SPI_SPEED_THROTTLE.  Moved SPI to release.",
    "2013.12.12.A:  Added Lua Regs",
    "2013.12.14.A:  Split the stream out buffer write register into 3 data type specific registers. Added error codes",
    "End Of Comments"
  ]

}