[
    {
        "name": "test_module",
        "active": false
    },
    {
        "name": "device_info",
        "active": true
    },
    {
        "name": "device_overview",
        "active": true
    },
    {
        "name": "dashboard_logger",
        "active": false
    },
    {
        "name": "digital_io_config",
        "active": true
    },
    {
        "name": "analog_inputs",
        "active": true
    },
    {
        "name": "analog_outputs",
        "active": true
    },
    {
        "name": "device_updater",
        "active": true
    },
    {
        "name": "network_configuration",
        "active": true
    },
    {
        "name": "register_matrix",
        "active": true
    },
    {
        "name": "module_manager",
        "active": false
    },
    {
        "name": "set_defaults",
        "active": true
    },
    {
        "name": "reset",
        "active": true
    },
    {
        "name": "thermocouple_simple",
        "active": true
    }
]